X,Y,Z,track_se_1,ele,time
174024.595678927,8229807.99052747,1216.4,"0",1216.400000000000091,2020/09/19 19:07:09.000
174019.979514061,8229808.58750486,1216.4,"1",1216.400000000000091,2020/09/19 19:07:10.000
174020.393411119,8229809.59051571,1216.4,"2",1216.400000000000091,2020/09/19 19:07:11.000
174021.034545262,8229809.7106836,1216.4,"3",1216.400000000000091,2020/09/19 19:07:12.000
174021.568553204,8229809.82928146,1216.4,"4",1216.400000000000091,2020/09/19 19:07:13.000
174022.209687354,8229809.94944931,1216.4,"5",1216.400000000000091,2020/09/19 19:07:14.000
174022.849198438,8229810.18036501,1216.4,"6",1216.400000000000091,2020/09/19 19:07:15.000
174023.490332597,8229810.30053281,1216.4,"7",1216.400000000000091,2020/09/19 19:07:16.000
174024.024340556,8229810.41913062,1216.4,"8",1216.400000000000091,2020/09/19 19:07:17.000
174024.665474724,8229810.53929839,1216.5,"9",1216.500000000000000,2020/09/19 19:07:18.000
174026.980051999,8229813.45328236,1216.5,"10",1216.500000000000000,2020/09/19 19:07:19.000
174027.496206578,8229814.79010656,1216.5,"11",1216.500000000000000,2020/09/19 19:07:20.000
174031.325159181,8229816.72933861,1216.7,"12",1216.700000000000045,2020/09/19 19:07:21.000
174032.269819058,8229818.07244241,1216.7,"13",1216.700000000000045,2020/09/19 19:07:22.000
174035.32454391,8229821.66190186,1217,"14",1217.000000000000000,2020/09/19 19:07:23.000
174038.595145288,8229825.14375266,1217.4,"15",1217.400000000000091,2020/09/19 19:07:24.000
174043.245405711,8229829.53199403,1217.9,"16",1217.900000000000091,2020/09/19 19:07:25.000
174047.361659392,8229833.80163699,1218.4,"17",1218.400000000000091,2020/09/19 19:07:26.000
174051.594778383,8229837.40836166,1218.4,"18",1218.400000000000091,2020/09/19 19:07:27.000
174055.177026372,8229841.55940562,1218.9,"19",1218.900000000000091,2020/09/19 19:07:28.000
174058.87289351,8229845.26902719,1219.3,"20",1219.299999999999955,2020/09/19 19:07:29.000
174060.536606773,8229848.7273266,1219.3,"21",1219.299999999999955,2020/09/19 19:07:30.000
174063.170949305,8229851.75676231,1219.4,"22",1219.400000000000091,2020/09/19 19:07:31.000
174069.838748817,8229850.08212129,1219.1,"23",1219.099999999999909,2020/09/19 19:07:32.000
174071.106414405,8229851.3191841,1218.9,"24",1218.900000000000091,2020/09/19 19:07:33.000
174070.328942417,8229853.19090907,1218.9,"25",1218.900000000000091,2020/09/19 19:07:34.000
174066.852214313,8229856.46311245,1219.1,"26",1219.099999999999909,2020/09/19 19:07:35.000
174065.222599087,8229857.99003591,1219.4,"27",1219.400000000000091,2020/09/19 19:07:36.000
174061.85137307,8229861.37455635,1219.4,"28",1219.400000000000091,2020/09/19 19:07:37.000
174057.412127352,8229864.52188302,1219.5,"29",1219.500000000000000,2020/09/19 19:07:38.000
174054.135042741,8229868.79395513,1219.6,"30",1219.599999999999909,2020/09/19 19:07:39.000
174050.431073888,8229872.94899992,1219.9,"31",1219.900000000000091,2020/09/19 19:07:40.000
174047.157232605,8229876.99957576,1220,"32",1220.000000000000000,2020/09/19 19:07:41.000
174044.839414487,8229881.61801898,1220.4,"33",1220.400000000000091,2020/09/19 19:07:42.000
174041.137064875,8229885.66231502,1220.4,"34",1220.400000000000091,2020/09/19 19:07:43.000
174037.028928562,8229888.14986136,1220.4,"35",1220.400000000000091,2020/09/19 19:07:44.000
174034.944835805,8229891.44246957,1220.4,"36",1220.400000000000091,2020/09/19 19:07:45.000
174036.277433326,8229895.56054822,1220.4,"37",1220.400000000000091,2020/09/19 19:07:46.000
174039.108181297,8229899.81135229,1220.4,"38",1220.400000000000091,2020/09/19 19:07:47.000
174043.427343281,8229904.8593681,1220.4,"39",1220.400000000000091,2020/09/19 19:07:48.000
174048.421724204,8229907.70184462,1220.1,"40",1220.099999999999909,2020/09/19 19:07:49.000
174054.057243412,8229910.66448616,1219.9,"41",1219.900000000000091,2020/09/19 19:07:50.000
174064.257018928,8229916.57406715,1219.4,"42",1219.400000000000091,2020/09/19 19:07:51.000
174069.446185155,8229920.74865123,1219.4,"43",1219.400000000000091,2020/09/19 19:07:52.000
174074.315595815,8229924.80777698,1219.4,"44",1219.400000000000091,2020/09/19 19:07:53.000
174078.305276891,8229930.40481378,1219.4,"45",1219.400000000000091,2020/09/19 19:07:54.000
174082.528685451,8229934.67601495,1219.4,"46",1219.400000000000091,2020/09/19 19:07:55.000
174087.190338472,8229938.28900647,1219.4,"47",1219.400000000000091,2020/09/19 19:07:56.000
174092.166882891,8229942.34969657,1219.4,"48",1219.400000000000091,2020/09/19 19:07:57.000
174096.930798037,8229946.29649839,1219.4,"49",1219.400000000000091,2020/09/19 19:07:58.000
174102.457582797,8229949.36830296,1219.4,"50",1219.400000000000091,2020/09/19 19:07:59.000
174108.10772079,8229951.33419746,1219.4,"51",1219.400000000000091,2020/09/19 19:08:00.000
174113.8617414,8229953.52315535,1219.6,"52",1219.599999999999909,2020/09/19 19:08:01.000
174119.727757055,8229955.3814376,1219.6,"53",1219.599999999999909,2020/09/19 19:08:02.000
174124.957502146,8229956.78731082,1219.7,"54",1219.700000000000045,2020/09/19 19:08:03.000
174130.72450419,8229958.09028165,1220.1,"55",1220.099999999999909,2020/09/19 19:08:04.000
174137.676391122,8229958.96752224,1220.4,"56",1220.400000000000091,2020/09/19 19:08:05.000
174143.657647509,8229960.2736281,1220.6,"57",1220.599999999999909,2020/09/19 19:08:06.000
174149.434384404,8229960.91210721,1220.7,"58",1220.700000000000045,2020/09/19 19:08:07.000
174155.730532842,8229962.66590834,1221.1,"59",1221.099999999999909,2020/09/19 19:08:08.000
174161.396898827,8229963.52431044,1221.1,"60",1221.099999999999909,2020/09/19 19:08:09.000
174167.376534446,8229964.94115719,1221.1,"61",1221.099999999999909,2020/09/19 19:08:10.000
174173.148405555,8229965.91187301,1221,"62",1221.000000000000000,2020/09/19 19:08:11.000
174178.194721273,8229965.21038757,1220.8,"63",1220.799999999999955,2020/09/19 19:08:12.000
174183.47962188,8229962.85082334,1220,"64",1220.000000000000000,2020/09/19 19:08:13.000
174187.832822158,8229958.26218204,1219.8,"65",1219.799999999999955,2020/09/19 19:08:14.000
174191.764002031,8229953.22427311,1219.4,"66",1219.400000000000091,2020/09/19 19:08:15.000
174197.490381437,8229949.98500081,1219.4,"67",1219.400000000000091,2020/09/19 19:08:16.000
174203.836810751,8229948.30560927,1219.4,"68",1219.400000000000091,2020/09/19 19:08:17.000
174209.757975993,8229946.3984448,1219.4,"69",1219.400000000000091,2020/09/19 19:08:18.000
174215.787888615,8229944.38210017,1219.4,"70",1219.400000000000091,2020/09/19 19:08:19.000
174222.882578786,8229942.82443405,1219.4,"71",1219.400000000000091,2020/09/19 19:08:20.000
174228.170711635,8229940.24336559,1219.5,"72",1219.500000000000000,2020/09/19 19:08:21.000
174232.736528932,8229935.76860335,1219.4,"73",1219.400000000000091,2020/09/19 19:08:22.000
174236.031422169,8229930.27828505,1219.4,"74",1219.400000000000091,2020/09/19 19:08:23.000
174237.730768626,8229923.98919994,1219.4,"75",1219.400000000000091,2020/09/19 19:08:24.000
174238.363714781,8229917.35218323,1219.4,"76",1219.400000000000091,2020/09/19 19:08:25.000
174238.151002241,8229909.92738181,1219.4,"77",1219.400000000000091,2020/09/19 19:08:26.000
174238.042173008,8229902.72564457,1219.4,"78",1219.400000000000091,2020/09/19 19:08:27.000
174238.154084848,8229895.08405429,1218.9,"79",1218.900000000000091,2020/09/19 19:08:28.000
174238.048500533,8229887.66082158,1218.5,"80",1218.500000000000000,2020/09/19 19:08:29.000
174237.947782594,8229879.90534575,1217.8,"81",1217.799999999999955,2020/09/19 19:08:30.000
174237.842199476,8229872.48211291,1217.5,"82",1217.500000000000000,2020/09/19 19:08:31.000
174237.418481988,8229864.83267792,1217,"83",1217.000000000000000,2020/09/19 19:08:32.000
174237.218749564,8229856.52189451,1216.9,"84",1216.900000000000091,2020/09/19 19:08:33.000
174237.019017938,8229848.21111102,1216.9,"85",1216.900000000000091,2020/09/19 19:08:34.000
174236.494664667,8229840.11711602,1216.7,"86",1216.700000000000045,2020/09/19 19:08:35.000
174235.434681758,8229832.01527616,1216.7,"87",1216.700000000000045,2020/09/19 19:08:36.000
174232.435076547,8229824.66042856,1216.4,"88",1216.400000000000091,2020/09/19 19:08:37.000
174225.669841062,8229818.35814222,1216.4,"89",1216.400000000000091,2020/09/19 19:08:38.000
174217.244189513,8229815.68699177,1216.4,"90",1216.400000000000091,2020/09/19 19:08:39.000
174209.354169718,8229813.02368323,1216.4,"91",1216.400000000000091,2020/09/19 19:08:40.000
174203.213855911,8229807.94902771,1216.5,"92",1216.500000000000000,2020/09/19 19:08:41.000
174199.681879756,8229800.36483195,1216.3,"93",1216.299999999999955,2020/09/19 19:08:42.000
174198.946537115,8229792.04619936,1215.9,"94",1215.900000000000091,2020/09/19 19:08:43.000
174199.176951211,8229783.63094136,1215.5,"95",1215.500000000000000,2020/09/19 19:08:44.000
174199.704410138,8229776.88160673,1215.3,"96",1215.299999999999955,2020/09/19 19:08:45.000
174201.189513016,8229770.58938553,1215.6,"97",1215.599999999999909,2020/09/19 19:08:46.000
174204.680806418,8229766.32043738,1216.1,"98",1216.099999999999909,2020/09/19 19:08:47.000
174209.853667886,8229764.29154946,1216.4,"99",1216.400000000000091,2020/09/19 19:08:48.000
174215.542691404,8229763.59947861,1216.4,"100",1216.400000000000091,2020/09/19 19:08:49.000
174220.140990661,8229764.2206881,1216.4,"101",1216.400000000000091,2020/09/19 19:08:50.000
174224.852904231,8229764.40047483,1216.4,"102",1216.400000000000091,2020/09/19 19:08:51.000
174229.029188651,8229764.57241537,1216.4,"103",1216.400000000000091,2020/09/19 19:08:52.000
174232.225120055,8229765.83771095,1216.4,"104",1216.400000000000091,2020/09/19 19:08:53.000
174233.023732284,8229769.83718028,1216.4,"105",1216.400000000000091,2020/09/19 19:08:54.000
174232.247898463,8229771.59816038,1216.4,"106",1216.400000000000091,2020/09/19 19:08:55.000
174229.748318541,8229773.99852233,1216.4,"107",1216.400000000000091,2020/09/19 19:08:56.000
174224.724758114,8229773.14954363,1216.4,"108",1216.400000000000091,2020/09/19 19:08:57.000
174221.241512737,8229769.553838,1216.4,"109",1216.400000000000091,2020/09/19 19:08:58.000
174216.979189156,8229767.9406068,1216.4,"110",1216.400000000000091,2020/09/19 19:08:59.000
174211.619653043,8229768.08364698,1216.4,"111",1216.400000000000091,2020/09/19 19:09:00.000
174207.086301743,8229770.34344571,1216.1,"112",1216.099999999999909,2020/09/19 19:09:01.000
174204.453637619,8229774.51419971,1215.6,"113",1215.599999999999909,2020/09/19 19:09:02.000
174204.823742117,8229778.50739429,1216.1,"114",1216.099999999999909,2020/09/19 19:09:03.000
174204.742632599,8229784.04478037,1216.2,"115",1216.200000000000045,2020/09/19 19:09:04.000
174204.885508319,8229788.92081837,1216.2,"116",1216.200000000000045,2020/09/19 19:09:05.000
174204.810888031,8229794.01521353,1216.3,"117",1216.299999999999955,2020/09/19 19:09:06.000
174204.952142112,8229799.0019992,1216.4,"118",1216.400000000000091,2020/09/19 19:09:07.000
174205.091774323,8229804.09953256,1216.4,"119",1216.400000000000091,2020/09/19 19:09:08.000
174206.62566754,8229809.10671659,1216.5,"120",1216.500000000000000,2020/09/19 19:09:09.000
174209.021436579,8229813.79420996,1216.4,"121",1216.400000000000091,2020/09/19 19:09:10.000
174213.905438287,8229816.85657581,1216.4,"122",1216.400000000000091,2020/09/19 19:09:11.000
174218.4988826,8229817.81002678,1216.4,"123",1216.400000000000091,2020/09/19 19:09:12.000
174224.161965801,8229818.88991459,1216.4,"124",1216.400000000000091,2020/09/19 19:09:13.000
174229.164450502,8229821.17861162,1216.4,"125",1216.400000000000091,2020/09/19 19:09:14.000
174232.013060224,8229824.21116189,1216.4,"126",1216.400000000000091,2020/09/19 19:09:15.000
174233.865095803,8229829.44454492,1216.6,"127",1216.599999999999909,2020/09/19 19:09:16.000
174234.537122953,8229834.77141689,1216.7,"128",1216.700000000000045,2020/09/19 19:09:17.000
174233.389627853,8229839.96086898,1216.9,"129",1216.900000000000091,2020/09/19 19:09:18.000
174232.98066189,8229845.93653758,1217.1,"130",1217.099999999999909,2020/09/19 19:09:19.000
174233.118681033,8229851.14481706,1217.1,"131",1217.099999999999909,2020/09/19 19:09:20.000
174233.250212592,8229856.79608727,1217.1,"132",1217.099999999999909,2020/09/19 19:09:21.000
174233.599241003,8229862.22899991,1217.1,"133",1217.099999999999909,2020/09/19 19:09:22.000
174234.271270718,8229867.55587158,1217.3,"134",1217.299999999999955,2020/09/19 19:09:23.000
174234.191794793,8229872.98250842,1217.8,"135",1217.799999999999955,2020/09/19 19:09:24.000
174234.110697155,8229878.51989293,1218,"136",1218.000000000000000,2020/09/19 19:09:25.000
174234.354222787,8229883.84048877,1218.3,"137",1218.299999999999955,2020/09/19 19:09:26.000
174234.490622398,8229889.15951566,1218.7,"138",1218.700000000000045,2020/09/19 19:09:27.000
174235.162654478,8229894.486387,1218.9,"139",1218.900000000000091,2020/09/19 19:09:28.000
174234.979297442,8229899.68995943,1219.3,"140",1219.299999999999955,2020/09/19 19:09:29.000
174235.326707208,8229905.23361935,1219.4,"141",1219.400000000000091,2020/09/19 19:09:30.000
174234.607718123,8229910.42934734,1219.4,"142",1219.400000000000091,2020/09/19 19:09:31.000
174234.948640885,8229916.41599794,1219.4,"143",1219.400000000000091,2020/09/19 19:09:32.000
174234.763662783,8229921.73031801,1219.4,"144",1219.400000000000091,2020/09/19 19:09:33.000
174234.364431688,8229927.04150032,1219.4,"145",1219.400000000000091,2020/09/19 19:09:34.000
174233.108187772,8229932.34013168,1219.4,"146",1219.400000000000091,2020/09/19 19:09:35.000
174231.316310316,8229937.63091867,1219.5,"147",1219.500000000000000,2020/09/19 19:09:36.000
174227.706522748,8229942.67353922,1219.5,"148",1219.500000000000000,2020/09/19 19:09:37.000
174223.367932005,8229946.26545711,1219.4,"149",1219.400000000000091,2020/09/19 19:09:38.000
174217.661022065,8229948.17576285,1219.4,"150",1219.400000000000091,2020/09/19 19:09:39.000
174212.431277485,8229946.76991206,1219.4,"151",1219.400000000000091,2020/09/19 19:09:40.000
174209.298577013,8229941.18545778,1219.4,"152",1219.400000000000091,2020/09/19 19:09:41.000
174209.931531206,8229934.54844036,1219.4,"153",1219.400000000000091,2020/09/19 19:09:42.000
174210.663501948,8229928.46673046,1219.4,"154",1219.400000000000091,2020/09/19 19:09:43.000
174211.726584498,8229921.72524131,1219.4,"155",1219.400000000000091,2020/09/19 19:09:44.000
174211.505770294,8229914.85417662,1219.4,"156",1219.400000000000091,2020/09/19 19:09:45.000
174211.8238333,8229907.76946143,1219.4,"157",1219.400000000000091,2020/09/19 19:09:46.000
174212.038014175,8229900.46168182,1219.4,"158",1219.400000000000091,2020/09/19 19:09:47.000
174212.044430712,8229892.70777335,1219.1,"159",1219.099999999999909,2020/09/19 19:09:48.000
174212.154730104,8229885.17692926,1218.6,"160",1218.599999999999909,2020/09/19 19:09:49.000
174212.584786993,8229877.7615399,1218.4,"161",1218.400000000000091,2020/09/19 19:09:50.000
174212.583094658,8229870.56136986,1218.3,"162",1218.299999999999955,2020/09/19 19:09:51.000
174211.601045367,8229864.45455557,1218.4,"163",1218.400000000000091,2020/09/19 19:09:52.000
174209.210134444,8229859.43482061,1218.3,"164",1218.299999999999955,2020/09/19 19:09:53.000
174204.126469182,8229855.37258779,1218.1,"165",1218.099999999999909,2020/09/19 19:09:54.000
174199.443734183,8229853.19934115,1217.8,"166",1217.799999999999955,2020/09/19 19:09:55.000
174193.908856455,8229850.68129713,1217.8,"167",1217.799999999999955,2020/09/19 19:09:56.000
174187.914652826,8229850.26118174,1217.8,"168",1217.799999999999955,2020/09/19 19:09:57.000
174182.110368085,8229851.5054191,1217.7,"169",1217.700000000000045,2020/09/19 19:09:58.000
174176.484645228,8229855.18924375,1217.6,"170",1217.599999999999909,2020/09/19 19:09:59.000
174171.160831911,8229860.20674792,1217.5,"171",1217.500000000000000,2020/09/19 19:10:00.000
174167.015405993,8229865.241513,1217.6,"172",1217.599999999999909,2020/09/19 19:10:01.000
174163.093964912,8229869.61492966,1217.7,"173",1217.700000000000045,2020/09/19 19:10:02.000
174158.852765483,8229873.8728903,1217.6,"174",1217.599999999999909,2020/09/19 19:10:03.000
174154.494703948,8229878.79376763,1217.5,"175",1217.500000000000000,2020/09/19 19:10:04.000
174150.036003557,8229883.2700841,1217.4,"176",1217.400000000000091,2020/09/19 19:10:05.000
174146.114556133,8229887.64349887,1217.4,"177",1217.400000000000091,2020/09/19 19:10:06.000
174140.808574772,8229891.44277284,1217.4,"178",1217.400000000000091,2020/09/19 19:10:07.000
174136.562499723,8229896.03297397,1217.4,"179",1217.400000000000091,2020/09/19 19:10:08.000
174132.860167864,8229900.07728266,1217.6,"180",1217.599999999999909,2020/09/19 19:10:09.000
174129.691845076,8229904.24018571,1217.8,"181",1217.799999999999955,2020/09/19 19:10:10.000
174125.541534802,8229909.60718937,1217.8,"182",1217.799999999999955,2020/09/19 19:10:11.000
174125.676287567,8229915.03696922,1217.9,"183",1217.900000000000091,2020/09/19 19:10:12.000
174127.413073049,8229920.82253329,1218.1,"184",1218.099999999999909,2020/09/19 19:10:13.000
174128.828479698,8229926.6033889,1218.4,"185",1218.400000000000091,2020/09/19 19:10:14.000
174126.190919486,8229931.10638237,1218.4,"186",1218.400000000000091,2020/09/19 19:10:15.000
174121.305319608,8229935.46567046,1218.3,"187",1218.299999999999955,2020/09/19 19:10:16.000
174116.635593764,8229939.71734889,1218.2,"188",1218.200000000000045,2020/09/19 19:10:17.000
174112.499877487,8229944.08762165,1218.1,"189",1218.099999999999909,2020/09/19 19:10:18.000
174108.47939896,8229947.90572443,1218,"190",1218.000000000000000,2020/09/19 19:10:19.000
174103.18150991,8229951.15125402,1217.9,"191",1217.900000000000091,2020/09/19 19:10:20.000
174097.596312392,8229952.06637039,1217.8,"192",1217.799999999999955,2020/09/19 19:10:21.000
174092.15880566,8229950.21435997,1217.7,"193",1217.700000000000045,2020/09/19 19:10:22.000
174087.498771752,8229946.49062231,1217.6,"194",1217.599999999999909,2020/09/19 19:10:23.000
174083.161742359,8229942.66084434,1217.5,"195",1217.500000000000000,2020/09/19 19:10:24.000
174078.922105216,8229939.49712173,1217.5,"196",1217.500000000000000,2020/09/19 19:10:25.000
174074.601305488,8229934.5598634,1217.4,"197",1217.400000000000091,2020/09/19 19:10:26.000
174070.183117307,8229928.95654729,1217.2,"198",1217.200000000000045,2020/09/19 19:10:27.000
174065.745458531,8229924.68220377,1217.2,"199",1217.200000000000045,2020/09/19 19:10:28.000
174060.467015588,8229919.28782305,1217,"200",1217.000000000000000,2020/09/19 19:10:29.000
174056.1429785,8229914.57205529,1216.9,"201",1216.900000000000091,2020/09/19 19:10:30.000
174050.640550022,8229909.83901889,1216.8,"202",1216.799999999999955,2020/09/19 19:10:31.000
174046.327876918,8229904.34801359,1216.7,"203",1216.700000000000045,2020/09/19 19:10:32.000
174041.042952056,8229899.39661786,1216.6,"204",1216.599999999999909,2020/09/19 19:10:33.000
174036.517653241,8229893.79172232,1216.5,"205",1216.500000000000000,2020/09/19 19:10:34.000
174031.021725851,8229888.6156879,1216.4,"206",1216.400000000000091,2020/09/19 19:10:35.000
174025.538784882,8229882.55366876,1216.2,"207",1216.200000000000045,2020/09/19 19:10:36.000
174020.270100031,8229876.49478761,1216.1,"208",1216.099999999999909,2020/09/19 19:10:37.000
174015.645800202,8229870.33457665,1216,"209",1216.000000000000000,2020/09/19 19:10:38.000
174009.836619543,8229864.60008568,1215.8,"210",1215.799999999999955,2020/09/19 19:10:39.000
174003.486940255,8229859.18998607,1215.7,"211",1215.700000000000045,2020/09/19 19:10:40.000
173998.529907645,8229853.80029505,1215.6,"212",1215.599999999999909,2020/09/19 19:10:41.000
173992.400979666,8229847.95033978,1215.5,"213",1215.500000000000000,2020/09/19 19:10:42.000
173986.483061239,8229842.32501828,1215.3,"214",1215.299999999999955,2020/09/19 19:10:43.000
173980.996897769,8229836.48447954,1215.2,"215",1215.200000000000045,2020/09/19 19:10:44.000
173976.054485364,8229830.09805038,1215.1,"216",1215.099999999999909,2020/09/19 19:10:45.000
173969.385068345,8229824.57247914,1214.9,"217",1214.900000000000091,2020/09/19 19:10:46.000
173963.913524073,8229817.73520327,1214.8,"218",1214.799999999999955,2020/09/19 19:10:47.000
173958.112487591,8229811.44695412,1214.7,"219",1214.700000000000045,2020/09/19 19:10:48.000
173952.946094798,8229805.72186447,1214.6,"220",1214.599999999999909,2020/09/19 19:10:49.000
173946.401675006,8229798.97962699,1214.4,"221",1214.400000000000091,2020/09/19 19:10:50.000
173940.915533164,8229793.13907437,1214.3,"222",1214.299999999999955,2020/09/19 19:10:51.000
173934.249382853,8229787.39199301,1214.1,"223",1214.099999999999909,2020/09/19 19:10:52.000
173928.763247104,8229781.55143626,1214,"224",1214.000000000000000,2020/09/19 19:10:53.000
173922.637604741,8229775.47995869,1213.9,"225",1213.900000000000091,2020/09/19 19:10:54.000
173916.388603255,8229770.51438786,1213.7,"226",1213.700000000000045,2020/09/19 19:10:55.000
173910.582721836,8229764.55836537,1213.6,"227",1213.599999999999909,2020/09/19 19:10:56.000
173904.34509191,8229758.81755429,1213.5,"228",1213.500000000000000,2020/09/19 19:10:57.000
173897.899708079,8229752.63060768,1213.3,"229",1213.299999999999955,2020/09/19 19:10:58.000
173891.864970259,8229747.66816903,1213.2,"230",1213.200000000000045,2020/09/19 19:10:59.000
173886.044487033,8229742.70886966,1213.1,"231",1213.099999999999909,2020/09/19 19:11:00.000
173880.857019127,8229738.42348067,1213,"232",1213.000000000000000,2020/09/19 19:11:01.000
173876.495707331,8229736.2548681,1212.9,"233",1212.900000000000091,2020/09/19 19:11:02.000
173872.463893626,8229733.53722688,1213,"234",1213.000000000000000,2020/09/19 19:11:03.000
173869.035862705,8229733.48696157,1213,"235",1213.000000000000000,2020/09/19 19:11:04.000
173866.766730325,8229734.7829507,1213.1,"236",1213.099999999999909,2020/09/19 19:11:05.000
173865.060834342,8229734.20407767,1213.1,"237",1213.099999999999909,2020/09/19 19:11:06.000
173864.366166275,8229730.42764979,1213.1,"238",1213.099999999999909,2020/09/19 19:11:07.000
173865.135535161,8229729.10966951,1213.2,"239",1213.200000000000045,2020/09/19 19:11:08.000
173865.593269733,8229727.12248873,1213.2,"240",1213.200000000000045,2020/09/19 19:11:09.000
173867.638406113,8229726.48784623,1213.2,"241",1213.200000000000045,2020/09/19 19:11:10.000
173872.316221407,8229728.99341741,1213.3,"242",1213.299999999999955,2020/09/19 19:11:11.000
173875.698782933,8229732.14462619,1213.3,"243",1213.299999999999955,2020/09/19 19:11:12.000
173879.930233882,8229735.86214022,1213.4,"244",1213.400000000000091,2020/09/19 19:11:13.000
173883.306302176,8229739.4563394,1213.5,"245",1213.500000000000000,2020/09/19 19:11:14.000
173887.529636718,8229743.7275914,1213.5,"246",1213.500000000000000,2020/09/19 19:11:15.000
173891.004714554,8229747.87709956,1213.6,"247",1213.599999999999909,2020/09/19 19:11:16.000
173895.437433012,8229752.48373477,1213.7,"248",1213.700000000000045,2020/09/19 19:11:17.000
173899.126765892,8229756.63638242,1213.8,"249",1213.799999999999955,2020/09/19 19:11:18.000
173903.134230974,8229761.01523698,1213.8,"250",1213.799999999999955,2020/09/19 19:11:19.000
173907.359197223,8229765.17573577,1213.9,"251",1213.900000000000091,2020/09/19 19:11:20.000
173910.623277455,8229769.10060244,1214,"252",1214.000000000000000,2020/09/19 19:11:21.000
173914.086998311,8229774.02534115,1214,"253",1214.000000000000000,2020/09/19 19:11:22.000
173918.944984314,8229778.85974787,1214.1,"254",1214.099999999999909,2020/09/19 19:11:23.000
173921.88281949,8229783.11214443,1214.2,"255",1214.200000000000045,2020/09/19 19:11:24.000
173926.214919777,8229787.27420868,1214.3,"256",1214.299999999999955,2020/09/19 19:11:25.000
173930.009767161,8229791.53916746,1214.3,"257",1214.299999999999955,2020/09/19 19:11:26.000
173933.163482298,8229795.68395477,1214.4,"258",1214.400000000000091,2020/09/19 19:11:27.000
173937.924092112,8229799.85229761,1214.5,"259",1214.500000000000000,2020/09/19 19:11:28.000
173941.512808905,8229803.56037312,1214.5,"260",1214.500000000000000,2020/09/19 19:11:29.000
173945.961783876,8229807.05951489,1214.6,"261",1214.599999999999909,2020/09/19 19:11:30.000
173950.196507648,8229810.55551483,1214.7,"262",1214.700000000000045,2020/09/19 19:11:31.000
173954.213733328,8229814.26986892,1214.7,"263",1214.700000000000045,2020/09/19 19:11:32.000
173958.649725242,8229818.65499075,1214.8,"264",1214.799999999999955,2020/09/19 19:11:33.000
173963.200961998,8229822.48794205,1214.9,"265",1214.900000000000091,2020/09/19 19:11:34.000
173967.529830973,8229826.8714912,1215,"266",1215.000000000000000,2020/09/19 19:11:35.000
173972.532302473,8229829.16025024,1215,"267",1215.000000000000000,2020/09/19 19:11:36.000
173977.077050489,8229833.43618947,1215.1,"268",1215.099999999999909,2020/09/19 19:11:37.000
173980.896264412,8229836.03991777,1215.2,"269",1215.200000000000045,2020/09/19 19:11:38.000
173985.554634666,8229839.87443329,1215.2,"270",1215.200000000000045,2020/09/19 19:11:39.000
173990.440244847,8229842.82610464,1215.3,"271",1215.299999999999955,2020/09/19 19:11:40.000
173995.533616313,8229846.22390642,1215.4,"272",1215.400000000000091,2020/09/19 19:11:41.000
174000.190367842,8229850.1691659,1215.4,"273",1215.400000000000091,2020/09/19 19:11:42.000
174003.88785245,8229853.76805007,1215.5,"274",1215.500000000000000,2020/09/19 19:11:43.000
174008.542983879,8229857.82405511,1215.6,"275",1215.599999999999909,2020/09/19 19:11:44.000
174012.677092288,8229860.87547803,1215.6,"276",1215.599999999999909,2020/09/19 19:11:45.000
174016.686221781,8229865.14355656,1215.7,"277",1215.700000000000045,2020/09/19 19:11:46.000
174021.128727868,8229869.08567028,1215.8,"278",1215.799999999999955,2020/09/19 19:11:47.000
174024.392843938,8229873.01051363,1215.9,"279",1215.900000000000091,2020/09/19 19:11:48.000
174027.111590701,8229877.59199387,1215.9,"280",1215.900000000000091,2020/09/19 19:11:49.000
174030.937309291,8229879.75271966,1216,"281",1216.000000000000000,2020/09/19 19:11:50.000
174034.875023899,8229881.58277097,1216,"282",1216.000000000000000,2020/09/19 19:11:51.000
174038.621206847,8229881.85921187,1216.1,"283",1216.099999999999909,2020/09/19 19:11:52.000
174041.330205494,8229879.79424895,1216.1,"284",1216.099999999999909,2020/09/19 19:11:53.000
174043.954797694,8229876.17724611,1216.2,"285",1216.200000000000045,2020/09/19 19:11:54.000
174047.968787633,8229872.80214644,1216.2,"286",1216.200000000000045,2020/09/19 19:11:55.000
174051.232891065,8229869.41605765,1216.3,"287",1216.299999999999955,2020/09/19 19:11:56.000
174053.859103423,8229865.68830629,1216.3,"288",1216.299999999999955,2020/09/19 19:11:57.000
174057.775700602,8229861.64714863,1216.3,"289",1216.299999999999955,2020/09/19 19:11:58.000
174061.24593964,8229858.81793762,1216.3,"290",1216.299999999999955,2020/09/19 19:11:59.000
174064.412649598,8229854.76579084,1216.2,"291",1216.200000000000045,2020/09/19 19:12:00.000
174066.597370295,8229851.91774224,1216.2,"292",1216.200000000000045,2020/09/19 19:12:01.000
174069.632610091,8229849.52524269,1216.1,"293",1216.099999999999909,2020/09/19 19:12:02.000
174070.393854127,8229848.76099602,1216.1,"294",1216.099999999999909,2020/09/19 19:12:03.000
174069.348555442,8229846.97333347,1216.1,"295",1216.099999999999909,2020/09/19 19:12:04.000
174068.499658736,8229846.40703643,1216.1,"296",1216.099999999999909,2020/09/19 19:12:05.000
174067.542012921,8229845.94991743,1216.1,"297",1216.099999999999909,2020/09/19 19:12:06.000
174066.585989956,8229845.38205055,1216,"298",1216.000000000000000,2020/09/19 19:12:07.000
174064.057151464,8229842.46493277,1216,"299",1216.000000000000000,2020/09/19 19:12:08.000
174062.899858795,8229841.0079435,1216,"300",1216.000000000000000,2020/09/19 19:12:09.000
174057.606834623,8229836.61028859,1215.9,"301",1215.900000000000091,2020/09/19 19:12:10.000
174052.964684676,8229831.66831181,1215.8,"302",1215.799999999999955,2020/09/19 19:12:11.000
174047.993043405,8229827.27536333,1215.7,"303",1215.700000000000045,2020/09/19 19:12:12.000
174041.951764532,8229822.75596666,1215.6,"304",1215.599999999999909,2020/09/19 19:12:13.000
174036.660371606,8229818.24755734,1215.6,"305",1215.599999999999909,2020/09/19 19:12:14.000
174031.904611837,8229813.74699609,1215.5,"306",1215.500000000000000,2020/09/19 19:12:15.000
174028.746008677,8229809.93447017,1215.4,"307",1215.400000000000091,2020/09/19 19:12:16.000
174026.645684041,8229807.0236263,1215.4,"308",1215.400000000000091,2020/09/19 19:12:17.000
174025.170263347,8229805.34042859,1215.4,"309",1215.400000000000091,2020/09/19 19:12:18.000
174024.647616971,8229804.44659572,1215.3,"310",1215.299999999999955,2020/09/19 19:12:19.000
174023.998367643,8229804.88016726,1215.3,"311",1215.299999999999955,2020/09/19 19:12:20.000
174024.214243066,8229804.77255937,1215.3,"312",1215.299999999999955,2020/09/19 19:12:21.000
